[{"@type":"UDF","id":"@1","name":"UDF_ListOfValueOnStringColumn","description":"This is the user defined function for checking the list of value DQM on column with string type.\n\nInput : \n\nAttribute : Attribute on which LOV check is to be applied.\n\nIsMandatory: FALSE if this attribute is optional in the implementation. TRUE if this attribute is mandatory. If FALSE then null value will be considered as valid value.\n\nValue1 to Value8 : List of valid values for this attribute. if implementation does not have all 8 values in the valid list then user can place two single quotes (blank) in place of these values.\n\nReturn type : Numeric indicating 0 (FALSE) as invalid and 1 (TRUE) as valid.\n","expression":"IIF(\nIsMandatory = 0 AND\n\n(\nisNull(Attribute)\nOR\nIn(Attribute, Value1, Value2, Value3, Value4, Value5, Value6, Value7, Value8, 0)\n)\n, TRUE\n,\nIIF(\n\n(IsMandatory = 1 AND\n(\nIIF(isNULL(Value1), FALSE, IIF( In(Attribute, Value1, 0) = TRUE , TRUE, FALSE))\nOR\nIIF(isNULL(Value2), FALSE, IIF( In(Attribute, Value2, 0) = TRUE , TRUE, FALSE))\nOR\nIIF(isNULL(Value3), FALSE, IIF( In(Attribute, Value3, 0) = TRUE , TRUE, FALSE))\nOR\nIIF(isNULL(Value4), FALSE, IIF( In(Attribute, Value4, 0) = TRUE , TRUE, FALSE))\nOR\nIIF(isNULL(Value5), FALSE, IIF( In(Attribute, Value5, 0) = TRUE , TRUE, FALSE))\nOR\nIIF(isNULL(Value6), FALSE, IIF( In(Attribute, Value6, 0) = TRUE , TRUE, FALSE))\nOR\nIIF(isNULL(Value7), FALSE, IIF( In(Attribute, Value7, 0) = TRUE , TRUE, FALSE))\nOR\nIIF(isNULL(Value8), FALSE, IIF( In(Attribute, Value8, 0) = TRUE , TRUE, FALSE))\n)) = TRUE\n\n,TRUE\n,FALSE\n)\n)","detailType":"DEPLOYED","returnType":"numeric","arguments":[{"name":"Attribute","type":"string","description":"Attribute on which LOV check should be applied."},{"name":"IsMandatory","type":"numeric","description":"This argument tells us that if this attribute is mandatory in the implementation. If TRUE, then it will treat null as invalid value. If FALSE, then it will treat null as valid value.\n"},{"name":"Value1","type":"string","description":"accepted value, provide blank ('') in case you don't have value to be assigned to this."},{"name":"Value2","type":"string","description":"accepted value, provide blank ('') in case you don't have value to be assigned to this.\n"},{"name":"Value3","type":"string","description":"accepted value, provide blank ('') in case you don't have value to be assigned to this.\n"},{"name":"Value4","type":"string","description":"accepted value, provide blank ('') in case you don't have value to be assigned to this.\n"},{"name":"Value5","type":"string","description":"accepted value, provide blank ('') in case you don't have value to be assigned to this.\n"},{"name":"Value6","type":"string","description":"accepted value, provide blank ('') in case you don't have value to be assigned to this.\n"},{"name":"Value7","type":"string","description":"accepted value, provide blank ('') in case you don't have value to be assigned to this.\n"},{"name":"Value8","type":"string","description":"accepted value, provide blank ('') in case you don't have value to be assigned to this.\n"}],"detailCreateTime":1697740768000,"detailUpdateTime":1697740768000,"frsGuid":"5pSSer2IOsRhi03SJDzQYt","valid":true,"validForEnginesStr":"CDI_E,CDI"}]