[{"@type":"mappingTemplate","id":"@1","name":"Mapping2","description":"","bundleVersion":"0","templateId":"@3","hasParameters":false,"valid":true,"fixedConnection":true,"hasParametersDeployed":false,"fixedConnectionDeployed":false,"isSchemaValidationEnabled":false,"tasks":0,"mappingPreviewFileRecordId":"@2","documentType":"MAPPING","references":[{"@type":"reference","refObjectId":"@3OxHLRk7BEQenxYirFWSWm","refType":"connection"},{"@type":"reference","refObjectId":"@3Rn5vpK5kW7j506HGC6t8H","refType":"connection"}]}]