[{"@type":"UDF","id":"@1","name":"UDF_IsFreeFromSpecialChars","description":"This user defined function can be used to check if given column has any invalid characters in it.\n\nArguments:\n\nAttribute : Column on which special character check is to be applied.\n\nChar1 to Char9 : Characters which are considered as invalid as per the implementation.\n\nReturn: TRUE for valid value, FALSE for invalid value.\n\nExample:\n\n\n\n","expression":"IIF( isNULL(Char1), TRUE, (IIF(Instr(Attribute, Char1) > 0, FALSE, TRUE)))\nAND\nIIF( isNULL(Char2), TRUE, (IIF(Instr(Attribute, Char2) > 0, FALSE, TRUE)))\nAND\nIIF( isNULL(Char3), TRUE, (IIF(Instr(Attribute, Char3) > 0, FALSE, TRUE)))\nAND\nIIF( isNULL(Char4), TRUE, (IIF(Instr(Attribute, Char4) > 0, FALSE, TRUE)))\nAND\nIIF( isNULL(Char5), TRUE, (IIF(Instr(Attribute, Char5) > 0, FALSE, TRUE)))\nAND\nIIF( isNULL(Char6), TRUE, (IIF(Instr(Attribute, Char6) > 0, FALSE, TRUE)))\nAND\nIIF( isNULL(Char7), TRUE, (IIF(Instr(Attribute, Char7) > 0, FALSE, TRUE)))\nAND\nIIF( isNULL(Char8), TRUE, (IIF(Instr(Attribute, Char8) > 0, FALSE, TRUE)))\nAND\nIIF( isNULL(Char9), TRUE, (IIF(Instr(Attribute, Char9) > 0, FALSE, TRUE)))","detailType":"DEPLOYED","returnType":"numeric","arguments":[{"name":"Attribute","type":"string","description":"Column on which special character check has to be applied."},{"name":"Char1","type":"string","description":"Character which shouldn't be allowed as part of specialChar check. Provide null in case user doesn't have any value to be assigned to this argument."},{"name":"Char2","type":"string","description":"Character which shouldn't be allowed as part of specialChar check. Provide null in case user doesn't have any value to be assigned to this argument."},{"name":"Char3","type":"string","description":"Character which shouldn't be allowed as part of specialChar check. Provide null in case user doesn't have any value to be assigned to this argument."},{"name":"Char4","type":"string","description":"Character which shouldn't be allowed as part of specialChar check. Provide null in case user doesn't have any value to be assigned to this argument."},{"name":"Char5","type":"string","description":"Character which shouldn't be allowed as part of specialChar check. Provide null in case user doesn't have any value to be assigned to this argument.\n"},{"name":"Char6","type":"string","description":"Character which shouldn't be allowed as part of specialChar check. Provide null in case user doesn't have any value to be assigned to this argument.\n"},{"name":"Char7","type":"string","description":"Character which shouldn't be allowed as part of specialChar check. Provide null in case user doesn't have any value to be assigned to this argument.\n"},{"name":"Char8","type":"string","description":"Character which shouldn't be allowed as part of specialChar check. Provide null in case user doesn't have any value to be assigned to this argument.\n"},{"name":"Char9","type":"string","description":"Character which shouldn't be allowed as part of specialChar check. Provide null in case user doesn't have any value to be assigned to this argument.\n"}],"detailCreateTime":1697740768000,"detailUpdateTime":1697740768000,"frsGuid":"cqwIrKX86kJeezGOWEw6Mi","valid":true,"validForEnginesStr":"CDI_E,CDI"}]