[{"@type":"UDF","id":"@1","name":"UDF_IsEmail","description":"This function checks if provided email is in valid format or not.\n\nArgument:\n\nAttribute : Attribute on which email check should be applied.\n\nReturn : TRUE if email is valid, FALSE if email is invalid","expression":"Reg_Match(Attribute, '^[\\w-\\.\\+]+@([\\w-]+\\.)+[\\w-]{2,4}$')","detailType":"DEPLOYED","returnType":"numeric","arguments":[{"name":"Attribute","type":"string","description":"Attribute on which email check should be applied."}],"detailCreateTime":1697740769000,"detailUpdateTime":1697740769000,"frsGuid":"lHJzgdpE08ViZJSqdPAlsB","valid":true,"validForEnginesStr":"CDI_E,CDI"}]