[{"@type":"UDF","id":"@1","name":"UDF_NotNullCheck","description":"This function checks if the values of the column are not null.\n\nArguments:\ncolumn: [string] Column name on which the check is to be applied.\n\nReturn Type:\n[Numeric] Returns 0 for invalid rows and 1 for valid rows.","expression":"IIF(Length(( RTrim(To_Char(column)))) != 0 , TRUE, FALSE)","detailType":"DEPLOYED","returnType":"numeric","arguments":[{"name":"column","type":"string","description":"Column name on which the check is to be applied"}],"detailCreateTime":1697740768000,"detailUpdateTime":1697740768000,"frsGuid":"7sIOK8bww0udmQ3sWgLLUK","valid":true,"validForEnginesStr":"CDI_E,CDI"}]