[{"@type":"UDF","id":"@1","name":"UDF_IsValidBoolean","description":"This function checks if the values of the column are valid boolean or not.\n\nArguments:\ncolumn: [string] Column name on which the check is to be applied.\nboolValue1: [string] Valid boolean value 1 for the column\nboolValue2: [string] Valid boolean value 2 for the column\n\nReturn Type: \n[Numeric] Returns 0 for invalid rows and 1 for valid rows.","expression":"IIF( NOT IsNull(To_Char(column)) AND In(To_Char(column), boolValue1, boolValue2, 0), TRUE, FALSE)","detailType":"DEPLOYED","returnType":"numeric","arguments":[{"name":"column","type":"string","description":"Column name on which the check is to be applied."},{"name":"boolValue1","type":"string","description":"Valid boolean value 1 for the column"},{"name":"boolValue2","type":"string","description":" Valid boolean value 2 for the column"}],"detailCreateTime":1697740768000,"detailUpdateTime":1697740768000,"frsGuid":"7a63d1supYtfFLJhpExooF","valid":true,"validForEnginesStr":"CDI_E,CDI"}]