[{"@type":"UDF","id":"@1","name":"UDF_LengthCheck","description":"This function checks if the values of the column are equal to the specified length or not. \n\nArguments: \ncolumn: [string] Column name on which the check is to be applied. \nlength: [numeric] Valid length of the values.\n\nReturn Type:\n[Numeric] Returns 0 for invalid rows and 1 for valid rows.\n","expression":"IIF( NOT IsNull(To_Char(column)) AND Length(LTrim( RTrim(To_Char(column)) ) ) = length , TRUE, FALSE)","detailType":"DEPLOYED","returnType":"numeric","arguments":[{"name":"column","type":"string","description":"Column name on which the check is to be applied. "},{"name":"length","type":"numeric","description":"Valid length of the values."}],"detailCreateTime":1697740768000,"detailUpdateTime":1697740768000,"frsGuid":"2P1V7YeqImrd9pSyL0dfUt","valid":true,"validForEnginesStr":"CDI_E,CDI"}]