[{"@type":"UDF","id":"@1","name":"UDF_IsValidDecimal","description":"This function checks if the values of the column are valid decimals or not.\n\nArguments:\ncolumn: [string] Column name on which the check is to be applied.\n\nReturn Type:\n[Numeric] Returns 0 for invalid rows and 1 for valid rows.","expression":"IIF( NOT IsNull(To_Char(column)) AND Reg_Match(To_Char(column), '^[+-]?(\\d*\\.)?\\d+$'), TRUE, FALSE)","detailType":"DEPLOYED","returnType":"numeric","arguments":[{"name":"column","type":"string","description":"Column name on which the check is to be applied."}],"detailCreateTime":1697740767000,"detailUpdateTime":1697740767000,"frsGuid":"7ZFZGHPHyAljEJOWRfQsWo","valid":true,"validForEnginesStr":"CDI_E,CDI"}]