[{"@type":"UDF","id":"@1","name":"UDF_IsDateInGivenFormat","description":"This function tests if given date is in proper format or not. If yes, it return true, if not, it returns false.\n\nArguments:\n\nAttribute : Date column on which user needs to check the format.\n\nIsMandatory : TRUE if this field is mandatory, FALSE if its optional in the implementation. If FALSE then null value will be treated as valid date. If TRUE then null will be treated as invalid date value.\n\nDateFormat : Date format on which user will have to check the date. If wrong format is given then it will throw error and pipeline will break\n\nReturn : TRUE if date is valid as per the format. False if date is invalid as per the format.\n","expression":"IIF(IsMandatory = TRUE,\nIIF( isNULL(Attribute) ,\nFALSE,\nIs_Date(Attribute, DateFormat)\n)\n,\nIIF( isNULL(Attribute) ,\nTRUE,\nIs_Date(Attribute, DateFormat)\n)\n)","detailType":"DEPLOYED","returnType":"numeric","arguments":[{"name":"Attribute","type":"string","description":"Attribute on which date format check is to be applied"},{"name":"IsMandatory","type":"numeric","description":"Specified if this column is mandatory or optional in the implementation. TRUE for mandatory and FALSE for optional"},{"name":"DateFormat","type":"string","description":"Date format on which user will have to check the date.  If wrong format is given then it will throw error and pipeline will break"}],"detailCreateTime":1697740768000,"detailUpdateTime":1697740768000,"frsGuid":"9AR57XvpUsihedr3Q4gjuV","valid":true,"validForEnginesStr":"CDI_E,CDI"}]